,Step,Reward,ENV,ACTION-BUFFER-SIZE,PROJECTION,EXPLORE,K_EXP,K_ACT,DISCOUNT,EPSILON,EPS-DECAY,STATE-DIM,STICKY-ACTIONS,FRAMESTACK,CLIP-REWARD,M,TIME-SIG,SEED
0,2500,0.8,breakout,80000,sparse,False,100,8,0.95,0,0.1,250,False,2,False,20,0.3,0
1,5000,0.6,breakout,80000,sparse,False,100,8,0.95,0,0.1,250,False,2,False,20,0.3,0
2,7500,1.0,breakout,80000,sparse,False,100,8,0.95,0,0.1,250,False,2,False,20,0.3,0
3,10000,0.0,breakout,80000,sparse,False,100,8,0.95,0,0.1,250,False,2,False,20,0.3,0
4,12500,0.0,breakout,80000,sparse,False,100,8,0.95,0,0.1,250,False,2,False,20,0.3,0
5,15000,0.0,breakout,80000,sparse,False,100,8,0.95,0,0.1,250,False,2,False,20,0.3,0
6,17500,0.0,breakout,80000,sparse,False,100,8,0.95,0,0.1,250,False,2,False,20,0.3,0
7,20000,0.0,breakout,80000,sparse,False,100,8,0.95,0,0.1,250,False,2,False,20,0.3,0
8,22500,0.0,breakout,80000,sparse,False,100,8,0.95,0,0.1,250,False,2,False,20,0.3,0
9,25000,0.0,breakout,80000,sparse,False,100,8,0.95,0,0.1,250,False,2,False,20,0.3,0
10,27500,0.0,breakout,80000,sparse,False,100,8,0.95,0,0.1,250,False,2,False,20,0.3,0
11,30000,0.0,breakout,80000,sparse,False,100,8,0.95,0,0.1,250,False,2,False,20,0.3,0
12,32500,0.0,breakout,80000,sparse,False,100,8,0.95,0,0.1,250,False,2,False,20,0.3,0
13,35000,0.0,breakout,80000,sparse,False,100,8,0.95,0,0.1,250,False,2,False,20,0.3,0
14,37500,0.0,breakout,80000,sparse,False,100,8,0.95,0,0.1,250,False,2,False,20,0.3,0
15,40000,0.0,breakout,80000,sparse,False,100,8,0.95,0,0.1,250,False,2,False,20,0.3,0
16,42500,0.0,breakout,80000,sparse,False,100,8,0.95,0,0.1,250,False,2,False,20,0.3,0
17,45000,0.0,breakout,80000,sparse,False,100,8,0.95,0,0.1,250,False,2,False,20,0.3,0
18,47500,0.0,breakout,80000,sparse,False,100,8,0.95,0,0.1,250,False,2,False,20,0.3,0
19,50000,0.0,breakout,80000,sparse,False,100,8,0.95,0,0.1,250,False,2,False,20,0.3,0
20,52500,0.0,breakout,80000,sparse,False,100,8,0.95,0,0.1,250,False,2,False,20,0.3,0
21,55000,0.0,breakout,80000,sparse,False,100,8,0.95,0,0.1,250,False,2,False,20,0.3,0
22,57500,0.0,breakout,80000,sparse,False,100,8,0.95,0,0.1,250,False,2,False,20,0.3,0
23,60000,0.0,breakout,80000,sparse,False,100,8,0.95,0,0.1,250,False,2,False,20,0.3,0
24,62500,0.0,breakout,80000,sparse,False,100,8,0.95,0,0.1,250,False,2,False,20,0.3,0
25,65000,0.0,breakout,80000,sparse,False,100,8,0.95,0,0.1,250,False,2,False,20,0.3,0
26,67500,0.0,breakout,80000,sparse,False,100,8,0.95,0,0.1,250,False,2,False,20,0.3,0
27,70000,0.0,breakout,80000,sparse,False,100,8,0.95,0,0.1,250,False,2,False,20,0.3,0
28,72500,0.0,breakout,80000,sparse,False,100,8,0.95,0,0.1,250,False,2,False,20,0.3,0
29,75000,0.0,breakout,80000,sparse,False,100,8,0.95,0,0.1,250,False,2,False,20,0.3,0
30,77500,0.0,breakout,80000,sparse,False,100,8,0.95,0,0.1,250,False,2,False,20,0.3,0
31,80000,0.0,breakout,80000,sparse,False,100,8,0.95,0,0.1,250,False,2,False,20,0.3,0
32,2500,0.4,breakout,80000,sparse,False,100,8,0.95,0,0.1,250,False,2,False,20,0.3,3
33,5000,0.0,breakout,80000,sparse,False,100,8,0.95,0,0.1,250,False,2,False,20,0.3,3
34,7500,0.0,breakout,80000,sparse,False,100,8,0.95,0,0.1,250,False,2,False,20,0.3,3
35,10000,0.0,breakout,80000,sparse,False,100,8,0.95,0,0.1,250,False,2,False,20,0.3,3
36,12500,0.0,breakout,80000,sparse,False,100,8,0.95,0,0.1,250,False,2,False,20,0.3,3
37,15000,0.0,breakout,80000,sparse,False,100,8,0.95,0,0.1,250,False,2,False,20,0.3,3
38,17500,0.0,breakout,80000,sparse,False,100,8,0.95,0,0.1,250,False,2,False,20,0.3,3
39,20000,0.0,breakout,80000,sparse,False,100,8,0.95,0,0.1,250,False,2,False,20,0.3,3
40,22500,0.0,breakout,80000,sparse,False,100,8,0.95,0,0.1,250,False,2,False,20,0.3,3
41,25000,0.0,breakout,80000,sparse,False,100,8,0.95,0,0.1,250,False,2,False,20,0.3,3
42,27500,0.0,breakout,80000,sparse,False,100,8,0.95,0,0.1,250,False,2,False,20,0.3,3
43,30000,0.0,breakout,80000,sparse,False,100,8,0.95,0,0.1,250,False,2,False,20,0.3,3
44,32500,0.0,breakout,80000,sparse,False,100,8,0.95,0,0.1,250,False,2,False,20,0.3,3
45,35000,0.0,breakout,80000,sparse,False,100,8,0.95,0,0.1,250,False,2,False,20,0.3,3
46,37500,0.0,breakout,80000,sparse,False,100,8,0.95,0,0.1,250,False,2,False,20,0.3,3
47,40000,0.0,breakout,80000,sparse,False,100,8,0.95,0,0.1,250,False,2,False,20,0.3,3
48,42500,0.0,breakout,80000,sparse,False,100,8,0.95,0,0.1,250,False,2,False,20,0.3,3
49,45000,0.0,breakout,80000,sparse,False,100,8,0.95,0,0.1,250,False,2,False,20,0.3,3
50,47500,0.0,breakout,80000,sparse,False,100,8,0.95,0,0.1,250,False,2,False,20,0.3,3
51,50000,0.0,breakout,80000,sparse,False,100,8,0.95,0,0.1,250,False,2,False,20,0.3,3
52,52500,0.0,breakout,80000,sparse,False,100,8,0.95,0,0.1,250,False,2,False,20,0.3,3
53,55000,0.0,breakout,80000,sparse,False,100,8,0.95,0,0.1,250,False,2,False,20,0.3,3
54,57500,0.0,breakout,80000,sparse,False,100,8,0.95,0,0.1,250,False,2,False,20,0.3,3
55,60000,0.0,breakout,80000,sparse,False,100,8,0.95,0,0.1,250,False,2,False,20,0.3,3
56,62500,0.0,breakout,80000,sparse,False,100,8,0.95,0,0.1,250,False,2,False,20,0.3,3
57,65000,0.0,breakout,80000,sparse,False,100,8,0.95,0,0.1,250,False,2,False,20,0.3,3
58,67500,0.0,breakout,80000,sparse,False,100,8,0.95,0,0.1,250,False,2,False,20,0.3,3
59,70000,0.0,breakout,80000,sparse,False,100,8,0.95,0,0.1,250,False,2,False,20,0.3,3
60,72500,0.0,breakout,80000,sparse,False,100,8,0.95,0,0.1,250,False,2,False,20,0.3,3
61,75000,0.0,breakout,80000,sparse,False,100,8,0.95,0,0.1,250,False,2,False,20,0.3,3
62,77500,0.0,breakout,80000,sparse,False,100,8,0.95,0,0.1,250,False,2,False,20,0.3,3
63,80000,0.0,breakout,80000,sparse,False,100,8,0.95,0,0.1,250,False,2,False,20,0.3,3
64,2500,0.4,breakout,80000,sparse,False,100,8,0.95,0,0.1,250,False,2,False,20,0.3,2
65,5000,2.4,breakout,80000,sparse,False,100,8,0.95,0,0.1,250,False,2,False,20,0.3,2
66,7500,1.4,breakout,80000,sparse,False,100,8,0.95,0,0.1,250,False,2,False,20,0.3,2
67,10000,2.4,breakout,80000,sparse,False,100,8,0.95,0,0.1,250,False,2,False,20,0.3,2
68,12500,3.8,breakout,80000,sparse,False,100,8,0.95,0,0.1,250,False,2,False,20,0.3,2
69,15000,3.6,breakout,80000,sparse,False,100,8,0.95,0,0.1,250,False,2,False,20,0.3,2
70,17500,4.4,breakout,80000,sparse,False,100,8,0.95,0,0.1,250,False,2,False,20,0.3,2
71,20000,4.0,breakout,80000,sparse,False,100,8,0.95,0,0.1,250,False,2,False,20,0.3,2
72,22500,4.6,breakout,80000,sparse,False,100,8,0.95,0,0.1,250,False,2,False,20,0.3,2
73,25000,5.4,breakout,80000,sparse,False,100,8,0.95,0,0.1,250,False,2,False,20,0.3,2
74,27500,5.4,breakout,80000,sparse,False,100,8,0.95,0,0.1,250,False,2,False,20,0.3,2
75,30000,5.0,breakout,80000,sparse,False,100,8,0.95,0,0.1,250,False,2,False,20,0.3,2
76,32500,6.0,breakout,80000,sparse,False,100,8,0.95,0,0.1,250,False,2,False,20,0.3,2
77,35000,7.6,breakout,80000,sparse,False,100,8,0.95,0,0.1,250,False,2,False,20,0.3,2
78,37500,7.2,breakout,80000,sparse,False,100,8,0.95,0,0.1,250,False,2,False,20,0.3,2
79,40000,7.2,breakout,80000,sparse,False,100,8,0.95,0,0.1,250,False,2,False,20,0.3,2
80,42500,8.8,breakout,80000,sparse,False,100,8,0.95,0,0.1,250,False,2,False,20,0.3,2
81,45000,9.2,breakout,80000,sparse,False,100,8,0.95,0,0.1,250,False,2,False,20,0.3,2
82,47500,9.2,breakout,80000,sparse,False,100,8,0.95,0,0.1,250,False,2,False,20,0.3,2
83,50000,9.2,breakout,80000,sparse,False,100,8,0.95,0,0.1,250,False,2,False,20,0.3,2
84,52500,8.8,breakout,80000,sparse,False,100,8,0.95,0,0.1,250,False,2,False,20,0.3,2
85,55000,9.6,breakout,80000,sparse,False,100,8,0.95,0,0.1,250,False,2,False,20,0.3,2
86,57500,9.6,breakout,80000,sparse,False,100,8,0.95,0,0.1,250,False,2,False,20,0.3,2
87,60000,9.8,breakout,80000,sparse,False,100,8,0.95,0,0.1,250,False,2,False,20,0.3,2
88,62500,10.4,breakout,80000,sparse,False,100,8,0.95,0,0.1,250,False,2,False,20,0.3,2
89,65000,9.8,breakout,80000,sparse,False,100,8,0.95,0,0.1,250,False,2,False,20,0.3,2
90,67500,10.0,breakout,80000,sparse,False,100,8,0.95,0,0.1,250,False,2,False,20,0.3,2
91,70000,11.0,breakout,80000,sparse,False,100,8,0.95,0,0.1,250,False,2,False,20,0.3,2
92,72500,11.2,breakout,80000,sparse,False,100,8,0.95,0,0.1,250,False,2,False,20,0.3,2
93,75000,11.0,breakout,80000,sparse,False,100,8,0.95,0,0.1,250,False,2,False,20,0.3,2
94,77500,11.0,breakout,80000,sparse,False,100,8,0.95,0,0.1,250,False,2,False,20,0.3,2
95,80000,11.0,breakout,80000,sparse,False,100,8,0.95,0,0.1,250,False,2,False,20,0.3,2
96,2500,0.8,breakout,80000,sparse,False,100,8,0.95,0,0.1,250,False,2,False,20,0.3,4
97,5000,1.8,breakout,80000,sparse,False,100,8,0.95,0,0.1,250,False,2,False,20,0.3,4
98,7500,0.8,breakout,80000,sparse,False,100,8,0.95,0,0.1,250,False,2,False,20,0.3,4
99,10000,2.0,breakout,80000,sparse,False,100,8,0.95,0,0.1,250,False,2,False,20,0.3,4
100,12500,3.4,breakout,80000,sparse,False,100,8,0.95,0,0.1,250,False,2,False,20,0.3,4
101,15000,3.6,breakout,80000,sparse,False,100,8,0.95,0,0.1,250,False,2,False,20,0.3,4
102,17500,4.0,breakout,80000,sparse,False,100,8,0.95,0,0.1,250,False,2,False,20,0.3,4
103,20000,4.2,breakout,80000,sparse,False,100,8,0.95,0,0.1,250,False,2,False,20,0.3,4
104,22500,4.4,breakout,80000,sparse,False,100,8,0.95,0,0.1,250,False,2,False,20,0.3,4
105,25000,4.6,breakout,80000,sparse,False,100,8,0.95,0,0.1,250,False,2,False,20,0.3,4
106,27500,5.0,breakout,80000,sparse,False,100,8,0.95,0,0.1,250,False,2,False,20,0.3,4
107,30000,4.4,breakout,80000,sparse,False,100,8,0.95,0,0.1,250,False,2,False,20,0.3,4
108,32500,5.4,breakout,80000,sparse,False,100,8,0.95,0,0.1,250,False,2,False,20,0.3,4
109,35000,5.8,breakout,80000,sparse,False,100,8,0.95,0,0.1,250,False,2,False,20,0.3,4
110,37500,6.2,breakout,80000,sparse,False,100,8,0.95,0,0.1,250,False,2,False,20,0.3,4
111,40000,6.0,breakout,80000,sparse,False,100,8,0.95,0,0.1,250,False,2,False,20,0.3,4
112,42500,6.0,breakout,80000,sparse,False,100,8,0.95,0,0.1,250,False,2,False,20,0.3,4
113,45000,6.0,breakout,80000,sparse,False,100,8,0.95,0,0.1,250,False,2,False,20,0.3,4
114,47500,6.0,breakout,80000,sparse,False,100,8,0.95,0,0.1,250,False,2,False,20,0.3,4
115,50000,6.0,breakout,80000,sparse,False,100,8,0.95,0,0.1,250,False,2,False,20,0.3,4
116,52500,6.0,breakout,80000,sparse,False,100,8,0.95,0,0.1,250,False,2,False,20,0.3,4
117,55000,6.0,breakout,80000,sparse,False,100,8,0.95,0,0.1,250,False,2,False,20,0.3,4
118,57500,6.0,breakout,80000,sparse,False,100,8,0.95,0,0.1,250,False,2,False,20,0.3,4
119,60000,6.0,breakout,80000,sparse,False,100,8,0.95,0,0.1,250,False,2,False,20,0.3,4
120,62500,6.0,breakout,80000,sparse,False,100,8,0.95,0,0.1,250,False,2,False,20,0.3,4
121,65000,6.0,breakout,80000,sparse,False,100,8,0.95,0,0.1,250,False,2,False,20,0.3,4
122,67500,6.0,breakout,80000,sparse,False,100,8,0.95,0,0.1,250,False,2,False,20,0.3,4
123,70000,6.0,breakout,80000,sparse,False,100,8,0.95,0,0.1,250,False,2,False,20,0.3,4
124,72500,6.0,breakout,80000,sparse,False,100,8,0.95,0,0.1,250,False,2,False,20,0.3,4
125,75000,6.0,breakout,80000,sparse,False,100,8,0.95,0,0.1,250,False,2,False,20,0.3,4
126,77500,6.0,breakout,80000,sparse,False,100,8,0.95,0,0.1,250,False,2,False,20,0.3,4
127,80000,6.0,breakout,80000,sparse,False,100,8,0.95,0,0.1,250,False,2,False,20,0.3,4
128,2500,0.25,breakout,80000,sparse,False,100,8,0.95,0,0.1,250,False,2,False,20,0.3,1
129,5000,0.0,breakout,80000,sparse,False,100,8,0.95,0,0.1,250,False,2,False,20,0.3,1
130,7500,0.0,breakout,80000,sparse,False,100,8,0.95,0,0.1,250,False,2,False,20,0.3,1
131,10000,0.0,breakout,80000,sparse,False,100,8,0.95,0,0.1,250,False,2,False,20,0.3,1
132,12500,0.0,breakout,80000,sparse,False,100,8,0.95,0,0.1,250,False,2,False,20,0.3,1
133,15000,0.0,breakout,80000,sparse,False,100,8,0.95,0,0.1,250,False,2,False,20,0.3,1
134,17500,0.0,breakout,80000,sparse,False,100,8,0.95,0,0.1,250,False,2,False,20,0.3,1
135,20000,0.0,breakout,80000,sparse,False,100,8,0.95,0,0.1,250,False,2,False,20,0.3,1
136,22500,0.0,breakout,80000,sparse,False,100,8,0.95,0,0.1,250,False,2,False,20,0.3,1
137,25000,0.0,breakout,80000,sparse,False,100,8,0.95,0,0.1,250,False,2,False,20,0.3,1
138,27500,0.0,breakout,80000,sparse,False,100,8,0.95,0,0.1,250,False,2,False,20,0.3,1
139,30000,0.0,breakout,80000,sparse,False,100,8,0.95,0,0.1,250,False,2,False,20,0.3,1
140,32500,0.0,breakout,80000,sparse,False,100,8,0.95,0,0.1,250,False,2,False,20,0.3,1
141,35000,0.0,breakout,80000,sparse,False,100,8,0.95,0,0.1,250,False,2,False,20,0.3,1
142,37500,0.0,breakout,80000,sparse,False,100,8,0.95,0,0.1,250,False,2,False,20,0.3,1
143,40000,0.0,breakout,80000,sparse,False,100,8,0.95,0,0.1,250,False,2,False,20,0.3,1
144,42500,0.0,breakout,80000,sparse,False,100,8,0.95,0,0.1,250,False,2,False,20,0.3,1
145,45000,0.0,breakout,80000,sparse,False,100,8,0.95,0,0.1,250,False,2,False,20,0.3,1
146,47500,0.0,breakout,80000,sparse,False,100,8,0.95,0,0.1,250,False,2,False,20,0.3,1
147,50000,0.0,breakout,80000,sparse,False,100,8,0.95,0,0.1,250,False,2,False,20,0.3,1
148,52500,0.0,breakout,80000,sparse,False,100,8,0.95,0,0.1,250,False,2,False,20,0.3,1
149,55000,0.0,breakout,80000,sparse,False,100,8,0.95,0,0.1,250,False,2,False,20,0.3,1
150,57500,0.0,breakout,80000,sparse,False,100,8,0.95,0,0.1,250,False,2,False,20,0.3,1
151,60000,0.0,breakout,80000,sparse,False,100,8,0.95,0,0.1,250,False,2,False,20,0.3,1
152,62500,0.0,breakout,80000,sparse,False,100,8,0.95,0,0.1,250,False,2,False,20,0.3,1
153,65000,0.0,breakout,80000,sparse,False,100,8,0.95,0,0.1,250,False,2,False,20,0.3,1
154,67500,0.0,breakout,80000,sparse,False,100,8,0.95,0,0.1,250,False,2,False,20,0.3,1
155,70000,0.0,breakout,80000,sparse,False,100,8,0.95,0,0.1,250,False,2,False,20,0.3,1
156,72500,0.0,breakout,80000,sparse,False,100,8,0.95,0,0.1,250,False,2,False,20,0.3,1
157,75000,0.0,breakout,80000,sparse,False,100,8,0.95,0,0.1,250,False,2,False,20,0.3,1
158,77500,0.0,breakout,80000,sparse,False,100,8,0.95,0,0.1,250,False,2,False,20,0.3,1
159,80000,0.0,breakout,80000,sparse,False,100,8,0.95,0,0.1,250,False,2,False,20,0.3,1
160,2500,0.0,freeway,80000,sparse,False,100,8,0.95,0,0.1,250,False,2,False,20,0.3,3
161,5000,0.0,freeway,80000,sparse,False,100,8,0.95,0,0.1,250,False,2,False,20,0.3,3
162,7500,0.0,freeway,80000,sparse,False,100,8,0.95,0,0.1,250,False,2,False,20,0.3,3
163,10000,0.0,freeway,80000,sparse,False,100,8,0.95,0,0.1,250,False,2,False,20,0.3,3
164,12500,0.0,freeway,80000,sparse,False,100,8,0.95,0,0.1,250,False,2,False,20,0.3,3
165,15000,0.0,freeway,80000,sparse,False,100,8,0.95,0,0.1,250,False,2,False,20,0.3,3
166,17500,0.2,freeway,80000,sparse,False,100,8,0.95,0,0.1,250,False,2,False,20,0.3,3
167,20000,0.8,freeway,80000,sparse,False,100,8,0.95,0,0.1,250,False,2,False,20,0.3,3
168,22500,1.0,freeway,80000,sparse,False,100,8,0.95,0,0.1,250,False,2,False,20,0.3,3
169,25000,1.0,freeway,80000,sparse,False,100,8,0.95,0,0.1,250,False,2,False,20,0.3,3
170,27500,1.0,freeway,80000,sparse,False,100,8,0.95,0,0.1,250,False,2,False,20,0.3,3
171,30000,1.0,freeway,80000,sparse,False,100,8,0.95,0,0.1,250,False,2,False,20,0.3,3
172,32500,1.0,freeway,80000,sparse,False,100,8,0.95,0,0.1,250,False,2,False,20,0.3,3
173,35000,1.0,freeway,80000,sparse,False,100,8,0.95,0,0.1,250,False,2,False,20,0.3,3
174,37500,1.0,freeway,80000,sparse,False,100,8,0.95,0,0.1,250,False,2,False,20,0.3,3
175,40000,1.0,freeway,80000,sparse,False,100,8,0.95,0,0.1,250,False,2,False,20,0.3,3
176,42500,1.0,freeway,80000,sparse,False,100,8,0.95,0,0.1,250,False,2,False,20,0.3,3
177,45000,1.0,freeway,80000,sparse,False,100,8,0.95,0,0.1,250,False,2,False,20,0.3,3
178,47500,1.0,freeway,80000,sparse,False,100,8,0.95,0,0.1,250,False,2,False,20,0.3,3
179,50000,1.0,freeway,80000,sparse,False,100,8,0.95,0,0.1,250,False,2,False,20,0.3,3
180,52500,1.0,freeway,80000,sparse,False,100,8,0.95,0,0.1,250,False,2,False,20,0.3,3
181,55000,1.0,freeway,80000,sparse,False,100,8,0.95,0,0.1,250,False,2,False,20,0.3,3
182,57500,1.0,freeway,80000,sparse,False,100,8,0.95,0,0.1,250,False,2,False,20,0.3,3
183,60000,1.0,freeway,80000,sparse,False,100,8,0.95,0,0.1,250,False,2,False,20,0.3,3
184,62500,1.0,freeway,80000,sparse,False,100,8,0.95,0,0.1,250,False,2,False,20,0.3,3
185,65000,1.0,freeway,80000,sparse,False,100,8,0.95,0,0.1,250,False,2,False,20,0.3,3
186,67500,1.0,freeway,80000,sparse,False,100,8,0.95,0,0.1,250,False,2,False,20,0.3,3
187,70000,1.0,freeway,80000,sparse,False,100,8,0.95,0,0.1,250,False,2,False,20,0.3,3
188,72500,1.0,freeway,80000,sparse,False,100,8,0.95,0,0.1,250,False,2,False,20,0.3,3
189,75000,1.0,freeway,80000,sparse,False,100,8,0.95,0,0.1,250,False,2,False,20,0.3,3
190,77500,1.0,freeway,80000,sparse,False,100,8,0.95,0,0.1,250,False,2,False,20,0.3,3
191,80000,1.0,freeway,80000,sparse,False,100,8,0.95,0,0.1,250,False,2,False,20,0.3,3
192,2500,0.0,freeway,80000,sparse,False,100,8,0.95,0,0.1,250,False,2,False,20,0.3,0
193,5000,0.0,freeway,80000,sparse,False,100,8,0.95,0,0.1,250,False,2,False,20,0.3,0
194,7500,0.0,freeway,80000,sparse,False,100,8,0.95,0,0.1,250,False,2,False,20,0.3,0
195,10000,0.0,freeway,80000,sparse,False,100,8,0.95,0,0.1,250,False,2,False,20,0.3,0
196,12500,0.0,freeway,80000,sparse,False,100,8,0.95,0,0.1,250,False,2,False,20,0.3,0
197,15000,0.0,freeway,80000,sparse,False,100,8,0.95,0,0.1,250,False,2,False,20,0.3,0
198,17500,0.0,freeway,80000,sparse,False,100,8,0.95,0,0.1,250,False,2,False,20,0.3,0
199,20000,0.0,freeway,80000,sparse,False,100,8,0.95,0,0.1,250,False,2,False,20,0.3,0
200,22500,0.0,freeway,80000,sparse,False,100,8,0.95,0,0.1,250,False,2,False,20,0.3,0
201,25000,0.0,freeway,80000,sparse,False,100,8,0.95,0,0.1,250,False,2,False,20,0.3,0
202,27500,0.0,freeway,80000,sparse,False,100,8,0.95,0,0.1,250,False,2,False,20,0.3,0
203,30000,0.0,freeway,80000,sparse,False,100,8,0.95,0,0.1,250,False,2,False,20,0.3,0
204,32500,0.0,freeway,80000,sparse,False,100,8,0.95,0,0.1,250,False,2,False,20,0.3,0
205,35000,0.0,freeway,80000,sparse,False,100,8,0.95,0,0.1,250,False,2,False,20,0.3,0
206,37500,0.0,freeway,80000,sparse,False,100,8,0.95,0,0.1,250,False,2,False,20,0.3,0
207,40000,0.0,freeway,80000,sparse,False,100,8,0.95,0,0.1,250,False,2,False,20,0.3,0
208,42500,0.0,freeway,80000,sparse,False,100,8,0.95,0,0.1,250,False,2,False,20,0.3,0
209,45000,0.0,freeway,80000,sparse,False,100,8,0.95,0,0.1,250,False,2,False,20,0.3,0
210,47500,0.0,freeway,80000,sparse,False,100,8,0.95,0,0.1,250,False,2,False,20,0.3,0
211,50000,0.0,freeway,80000,sparse,False,100,8,0.95,0,0.1,250,False,2,False,20,0.3,0
212,52500,0.0,freeway,80000,sparse,False,100,8,0.95,0,0.1,250,False,2,False,20,0.3,0
213,55000,0.0,freeway,80000,sparse,False,100,8,0.95,0,0.1,250,False,2,False,20,0.3,0
214,57500,0.0,freeway,80000,sparse,False,100,8,0.95,0,0.1,250,False,2,False,20,0.3,0
215,60000,0.0,freeway,80000,sparse,False,100,8,0.95,0,0.1,250,False,2,False,20,0.3,0
216,62500,0.0,freeway,80000,sparse,False,100,8,0.95,0,0.1,250,False,2,False,20,0.3,0
217,65000,0.0,freeway,80000,sparse,False,100,8,0.95,0,0.1,250,False,2,False,20,0.3,0
218,67500,0.0,freeway,80000,sparse,False,100,8,0.95,0,0.1,250,False,2,False,20,0.3,0
219,70000,0.0,freeway,80000,sparse,False,100,8,0.95,0,0.1,250,False,2,False,20,0.3,0
220,72500,0.0,freeway,80000,sparse,False,100,8,0.95,0,0.1,250,False,2,False,20,0.3,0
221,75000,0.0,freeway,80000,sparse,False,100,8,0.95,0,0.1,250,False,2,False,20,0.3,0
222,77500,0.0,freeway,80000,sparse,False,100,8,0.95,0,0.1,250,False,2,False,20,0.3,0
223,2500,0.0,freeway,80000,sparse,False,100,8,0.95,0,0.1,250,False,2,False,20,0.3,2
224,5000,0.0,freeway,80000,sparse,False,100,8,0.95,0,0.1,250,False,2,False,20,0.3,2
225,7500,0.0,freeway,80000,sparse,False,100,8,0.95,0,0.1,250,False,2,False,20,0.3,2
226,10000,0.0,freeway,80000,sparse,False,100,8,0.95,0,0.1,250,False,2,False,20,0.3,2
227,12500,0.0,freeway,80000,sparse,False,100,8,0.95,0,0.1,250,False,2,False,20,0.3,2
228,15000,0.0,freeway,80000,sparse,False,100,8,0.95,0,0.1,250,False,2,False,20,0.3,2
229,17500,0.0,freeway,80000,sparse,False,100,8,0.95,0,0.1,250,False,2,False,20,0.3,2
230,20000,0.0,freeway,80000,sparse,False,100,8,0.95,0,0.1,250,False,2,False,20,0.3,2
231,22500,0.0,freeway,80000,sparse,False,100,8,0.95,0,0.1,250,False,2,False,20,0.3,2
232,25000,0.0,freeway,80000,sparse,False,100,8,0.95,0,0.1,250,False,2,False,20,0.3,2
233,27500,0.0,freeway,80000,sparse,False,100,8,0.95,0,0.1,250,False,2,False,20,0.3,2
234,30000,0.0,freeway,80000,sparse,False,100,8,0.95,0,0.1,250,False,2,False,20,0.3,2
235,32500,0.0,freeway,80000,sparse,False,100,8,0.95,0,0.1,250,False,2,False,20,0.3,2
236,35000,0.0,freeway,80000,sparse,False,100,8,0.95,0,0.1,250,False,2,False,20,0.3,2
237,37500,0.0,freeway,80000,sparse,False,100,8,0.95,0,0.1,250,False,2,False,20,0.3,2
238,40000,0.0,freeway,80000,sparse,False,100,8,0.95,0,0.1,250,False,2,False,20,0.3,2
239,42500,0.0,freeway,80000,sparse,False,100,8,0.95,0,0.1,250,False,2,False,20,0.3,2
240,45000,0.0,freeway,80000,sparse,False,100,8,0.95,0,0.1,250,False,2,False,20,0.3,2
241,47500,0.0,freeway,80000,sparse,False,100,8,0.95,0,0.1,250,False,2,False,20,0.3,2
242,50000,0.0,freeway,80000,sparse,False,100,8,0.95,0,0.1,250,False,2,False,20,0.3,2
243,52500,0.0,freeway,80000,sparse,False,100,8,0.95,0,0.1,250,False,2,False,20,0.3,2
244,55000,0.0,freeway,80000,sparse,False,100,8,0.95,0,0.1,250,False,2,False,20,0.3,2
245,57500,0.0,freeway,80000,sparse,False,100,8,0.95,0,0.1,250,False,2,False,20,0.3,2
246,60000,0.0,freeway,80000,sparse,False,100,8,0.95,0,0.1,250,False,2,False,20,0.3,2
247,62500,0.0,freeway,80000,sparse,False,100,8,0.95,0,0.1,250,False,2,False,20,0.3,2
248,65000,0.0,freeway,80000,sparse,False,100,8,0.95,0,0.1,250,False,2,False,20,0.3,2
249,67500,0.0,freeway,80000,sparse,False,100,8,0.95,0,0.1,250,False,2,False,20,0.3,2
250,70000,0.0,freeway,80000,sparse,False,100,8,0.95,0,0.1,250,False,2,False,20,0.3,2
251,72500,0.0,freeway,80000,sparse,False,100,8,0.95,0,0.1,250,False,2,False,20,0.3,2
252,75000,0.0,freeway,80000,sparse,False,100,8,0.95,0,0.1,250,False,2,False,20,0.3,2
253,2500,0.0,freeway,80000,sparse,False,100,8,0.95,0,0.1,250,False,2,False,20,0.3,1
254,5000,0.0,freeway,80000,sparse,False,100,8,0.95,0,0.1,250,False,2,False,20,0.3,1
255,7500,0.0,freeway,80000,sparse,False,100,8,0.95,0,0.1,250,False,2,False,20,0.3,1
256,10000,0.0,freeway,80000,sparse,False,100,8,0.95,0,0.1,250,False,2,False,20,0.3,1
257,12500,0.0,freeway,80000,sparse,False,100,8,0.95,0,0.1,250,False,2,False,20,0.3,1
258,15000,0.0,freeway,80000,sparse,False,100,8,0.95,0,0.1,250,False,2,False,20,0.3,1
259,17500,0.0,freeway,80000,sparse,False,100,8,0.95,0,0.1,250,False,2,False,20,0.3,1
260,20000,0.0,freeway,80000,sparse,False,100,8,0.95,0,0.1,250,False,2,False,20,0.3,1
261,22500,0.0,freeway,80000,sparse,False,100,8,0.95,0,0.1,250,False,2,False,20,0.3,1
262,25000,0.0,freeway,80000,sparse,False,100,8,0.95,0,0.1,250,False,2,False,20,0.3,1
263,27500,0.0,freeway,80000,sparse,False,100,8,0.95,0,0.1,250,False,2,False,20,0.3,1
264,30000,0.0,freeway,80000,sparse,False,100,8,0.95,0,0.1,250,False,2,False,20,0.3,1
265,32500,0.0,freeway,80000,sparse,False,100,8,0.95,0,0.1,250,False,2,False,20,0.3,1
266,35000,0.0,freeway,80000,sparse,False,100,8,0.95,0,0.1,250,False,2,False,20,0.3,1
267,37500,0.0,freeway,80000,sparse,False,100,8,0.95,0,0.1,250,False,2,False,20,0.3,1
268,40000,0.0,freeway,80000,sparse,False,100,8,0.95,0,0.1,250,False,2,False,20,0.3,1
269,42500,0.0,freeway,80000,sparse,False,100,8,0.95,0,0.1,250,False,2,False,20,0.3,1
270,45000,0.0,freeway,80000,sparse,False,100,8,0.95,0,0.1,250,False,2,False,20,0.3,1
271,47500,0.0,freeway,80000,sparse,False,100,8,0.95,0,0.1,250,False,2,False,20,0.3,1
272,50000,0.0,freeway,80000,sparse,False,100,8,0.95,0,0.1,250,False,2,False,20,0.3,1
273,52500,0.0,freeway,80000,sparse,False,100,8,0.95,0,0.1,250,False,2,False,20,0.3,1
274,55000,0.0,freeway,80000,sparse,False,100,8,0.95,0,0.1,250,False,2,False,20,0.3,1
275,57500,0.0,freeway,80000,sparse,False,100,8,0.95,0,0.1,250,False,2,False,20,0.3,1
276,60000,0.0,freeway,80000,sparse,False,100,8,0.95,0,0.1,250,False,2,False,20,0.3,1
277,62500,0.6,freeway,80000,sparse,False,100,8,0.95,0,0.1,250,False,2,False,20,0.3,1
278,65000,1.0,freeway,80000,sparse,False,100,8,0.95,0,0.1,250,False,2,False,20,0.3,1
279,67500,1.0,freeway,80000,sparse,False,100,8,0.95,0,0.1,250,False,2,False,20,0.3,1
280,70000,1.4,freeway,80000,sparse,False,100,8,0.95,0,0.1,250,False,2,False,20,0.3,1
281,72500,1.6,freeway,80000,sparse,False,100,8,0.95,0,0.1,250,False,2,False,20,0.3,1
282,2500,0.0,freeway,80000,sparse,False,100,8,0.95,0,0.1,250,False,2,False,20,0.3,4
283,5000,0.0,freeway,80000,sparse,False,100,8,0.95,0,0.1,250,False,2,False,20,0.3,4
284,7500,0.0,freeway,80000,sparse,False,100,8,0.95,0,0.1,250,False,2,False,20,0.3,4
285,10000,0.0,freeway,80000,sparse,False,100,8,0.95,0,0.1,250,False,2,False,20,0.3,4
286,12500,0.0,freeway,80000,sparse,False,100,8,0.95,0,0.1,250,False,2,False,20,0.3,4
287,15000,0.0,freeway,80000,sparse,False,100,8,0.95,0,0.1,250,False,2,False,20,0.3,4
288,17500,0.0,freeway,80000,sparse,False,100,8,0.95,0,0.1,250,False,2,False,20,0.3,4
289,20000,0.0,freeway,80000,sparse,False,100,8,0.95,0,0.1,250,False,2,False,20,0.3,4
290,22500,0.0,freeway,80000,sparse,False,100,8,0.95,0,0.1,250,False,2,False,20,0.3,4
291,25000,0.0,freeway,80000,sparse,False,100,8,0.95,0,0.1,250,False,2,False,20,0.3,4
292,27500,0.0,freeway,80000,sparse,False,100,8,0.95,0,0.1,250,False,2,False,20,0.3,4
293,30000,0.0,freeway,80000,sparse,False,100,8,0.95,0,0.1,250,False,2,False,20,0.3,4
294,32500,0.0,freeway,80000,sparse,False,100,8,0.95,0,0.1,250,False,2,False,20,0.3,4
295,35000,0.0,freeway,80000,sparse,False,100,8,0.95,0,0.1,250,False,2,False,20,0.3,4
296,37500,0.0,freeway,80000,sparse,False,100,8,0.95,0,0.1,250,False,2,False,20,0.3,4
297,40000,0.0,freeway,80000,sparse,False,100,8,0.95,0,0.1,250,False,2,False,20,0.3,4
298,42500,0.0,freeway,80000,sparse,False,100,8,0.95,0,0.1,250,False,2,False,20,0.3,4
299,45000,0.0,freeway,80000,sparse,False,100,8,0.95,0,0.1,250,False,2,False,20,0.3,4
300,47500,0.0,freeway,80000,sparse,False,100,8,0.95,0,0.1,250,False,2,False,20,0.3,4
301,50000,0.0,freeway,80000,sparse,False,100,8,0.95,0,0.1,250,False,2,False,20,0.3,4
302,52500,0.0,freeway,80000,sparse,False,100,8,0.95,0,0.1,250,False,2,False,20,0.3,4
303,55000,0.0,freeway,80000,sparse,False,100,8,0.95,0,0.1,250,False,2,False,20,0.3,4
304,57500,0.0,freeway,80000,sparse,False,100,8,0.95,0,0.1,250,False,2,False,20,0.3,4
305,60000,0.0,freeway,80000,sparse,False,100,8,0.95,0,0.1,250,False,2,False,20,0.3,4
306,62500,0.0,freeway,80000,sparse,False,100,8,0.95,0,0.1,250,False,2,False,20,0.3,4
307,65000,0.0,freeway,80000,sparse,False,100,8,0.95,0,0.1,250,False,2,False,20,0.3,4
308,67500,0.0,freeway,80000,sparse,False,100,8,0.95,0,0.1,250,False,2,False,20,0.3,4
309,70000,0.0,freeway,80000,sparse,False,100,8,0.95,0,0.1,250,False,2,False,20,0.3,4
310,72500,0.0,freeway,80000,sparse,False,100,8,0.95,0,0.1,250,False,2,False,20,0.3,4
311,75000,0.0,freeway,80000,sparse,False,100,8,0.95,0,0.1,250,False,2,False,20,0.3,4
312,77500,0.0,freeway,80000,sparse,False,100,8,0.95,0,0.1,250,False,2,False,20,0.3,4
313,2500,120.0,frostbite,80000,sparse,False,100,8,0.95,0,0.1,250,False,2,False,20,0.3,1
314,5000,194.0,frostbite,80000,sparse,False,100,8,0.95,0,0.1,250,False,2,False,20,0.3,1
315,7500,214.0,frostbite,80000,sparse,False,100,8,0.95,0,0.1,250,False,2,False,20,0.3,1
316,10000,238.0,frostbite,80000,sparse,False,100,8,0.95,0,0.1,250,False,2,False,20,0.3,1
317,12500,234.0,frostbite,80000,sparse,False,100,8,0.95,0,0.1,250,False,2,False,20,0.3,1
318,15000,226.0,frostbite,80000,sparse,False,100,8,0.95,0,0.1,250,False,2,False,20,0.3,1
319,17500,242.0,frostbite,80000,sparse,False,100,8,0.95,0,0.1,250,False,2,False,20,0.3,1
320,20000,244.0,frostbite,80000,sparse,False,100,8,0.95,0,0.1,250,False,2,False,20,0.3,1
321,22500,238.0,frostbite,80000,sparse,False,100,8,0.95,0,0.1,250,False,2,False,20,0.3,1
322,25000,242.0,frostbite,80000,sparse,False,100,8,0.95,0,0.1,250,False,2,False,20,0.3,1
323,27500,232.0,frostbite,80000,sparse,False,100,8,0.95,0,0.1,250,False,2,False,20,0.3,1
324,30000,236.0,frostbite,80000,sparse,False,100,8,0.95,0,0.1,250,False,2,False,20,0.3,1
325,32500,236.0,frostbite,80000,sparse,False,100,8,0.95,0,0.1,250,False,2,False,20,0.3,1
326,35000,242.0,frostbite,80000,sparse,False,100,8,0.95,0,0.1,250,False,2,False,20,0.3,1
327,37500,232.0,frostbite,80000,sparse,False,100,8,0.95,0,0.1,250,False,2,False,20,0.3,1
328,40000,244.0,frostbite,80000,sparse,False,100,8,0.95,0,0.1,250,False,2,False,20,0.3,1
329,2500,298.0,frostbite,80000,sparse,False,100,8,0.95,0,0.1,250,False,2,False,20,0.3,3
330,5000,984.0,frostbite,80000,sparse,False,100,8,0.95,0,0.1,250,False,2,False,20,0.3,3
331,7500,1240.0,frostbite,80000,sparse,False,100,8,0.95,0,0.1,250,False,2,False,20,0.3,3
332,10000,1272.0,frostbite,80000,sparse,False,100,8,0.95,0,0.1,250,False,2,False,20,0.3,3
333,12500,1280.0,frostbite,80000,sparse,False,100,8,0.95,0,0.1,250,False,2,False,20,0.3,3
334,15000,916.0,frostbite,80000,sparse,False,100,8,0.95,0,0.1,250,False,2,False,20,0.3,3
335,17500,1142.0,frostbite,80000,sparse,False,100,8,0.95,0,0.1,250,False,2,False,20,0.3,3
336,20000,1680.0,frostbite,80000,sparse,False,100,8,0.95,0,0.1,250,False,2,False,20,0.3,3
337,22500,1574.0,frostbite,80000,sparse,False,100,8,0.95,0,0.1,250,False,2,False,20,0.3,3
338,25000,1808.0,frostbite,80000,sparse,False,100,8,0.95,0,0.1,250,False,2,False,20,0.3,3
339,27500,736.0,frostbite,80000,sparse,False,100,8,0.95,0,0.1,250,False,2,False,20,0.3,3
340,30000,1448.0,frostbite,80000,sparse,False,100,8,0.95,0,0.1,250,False,2,False,20,0.3,3
341,32500,1888.0,frostbite,80000,sparse,False,100,8,0.95,0,0.1,250,False,2,False,20,0.3,3
342,2500,122.5,frostbite,80000,sparse,False,100,8,0.95,0,0.1,250,False,2,False,20,0.3,4
343,5000,586.0,frostbite,80000,sparse,False,100,8,0.95,0,0.1,250,False,2,False,20,0.3,4
344,7500,310.0,frostbite,80000,sparse,False,100,8,0.95,0,0.1,250,False,2,False,20,0.3,4
345,10000,462.0,frostbite,80000,sparse,False,100,8,0.95,0,0.1,250,False,2,False,20,0.3,4
346,12500,726.0,frostbite,80000,sparse,False,100,8,0.95,0,0.1,250,False,2,False,20,0.3,4
347,15000,1164.0,frostbite,80000,sparse,False,100,8,0.95,0,0.1,250,False,2,False,20,0.3,4
348,17500,856.0,frostbite,80000,sparse,False,100,8,0.95,0,0.1,250,False,2,False,20,0.3,4
349,20000,814.0,frostbite,80000,sparse,False,100,8,0.95,0,0.1,250,False,2,False,20,0.3,4
350,22500,1010.0,frostbite,80000,sparse,False,100,8,0.95,0,0.1,250,False,2,False,20,0.3,4
351,25000,904.0,frostbite,80000,sparse,False,100,8,0.95,0,0.1,250,False,2,False,20,0.3,4
352,27500,990.0,frostbite,80000,sparse,False,100,8,0.95,0,0.1,250,False,2,False,20,0.3,4
353,30000,1184.0,frostbite,80000,sparse,False,100,8,0.95,0,0.1,250,False,2,False,20,0.3,4
354,32500,1046.0,frostbite,80000,sparse,False,100,8,0.95,0,0.1,250,False,2,False,20,0.3,4
355,2500,106.0,frostbite,80000,sparse,False,100,8,0.95,0,0.1,250,False,2,False,20,0.3,0
356,5000,152.0,frostbite,80000,sparse,False,100,8,0.95,0,0.1,250,False,2,False,20,0.3,0
357,7500,166.0,frostbite,80000,sparse,False,100,8,0.95,0,0.1,250,False,2,False,20,0.3,0
358,10000,178.0,frostbite,80000,sparse,False,100,8,0.95,0,0.1,250,False,2,False,20,0.3,0
359,12500,208.0,frostbite,80000,sparse,False,100,8,0.95,0,0.1,250,False,2,False,20,0.3,0
360,15000,224.0,frostbite,80000,sparse,False,100,8,0.95,0,0.1,250,False,2,False,20,0.3,0
361,17500,188.0,frostbite,80000,sparse,False,100,8,0.95,0,0.1,250,False,2,False,20,0.3,0
362,20000,192.0,frostbite,80000,sparse,False,100,8,0.95,0,0.1,250,False,2,False,20,0.3,0
363,22500,324.0,frostbite,80000,sparse,False,100,8,0.95,0,0.1,250,False,2,False,20,0.3,0
364,25000,200.0,frostbite,80000,sparse,False,100,8,0.95,0,0.1,250,False,2,False,20,0.3,0
365,27500,214.0,frostbite,80000,sparse,False,100,8,0.95,0,0.1,250,False,2,False,20,0.3,0
366,30000,238.0,frostbite,80000,sparse,False,100,8,0.95,0,0.1,250,False,2,False,20,0.3,0
367,32500,242.0,frostbite,80000,sparse,False,100,8,0.95,0,0.1,250,False,2,False,20,0.3,0
368,35000,238.0,frostbite,80000,sparse,False,100,8,0.95,0,0.1,250,False,2,False,20,0.3,0
369,37500,264.0,frostbite,80000,sparse,False,100,8,0.95,0,0.1,250,False,2,False,20,0.3,0
370,2500,144.0,frostbite,80000,sparse,False,100,8,0.95,0,0.1,250,False,2,False,20,0.3,2
371,5000,414.0,frostbite,80000,sparse,False,100,8,0.95,0,0.1,250,False,2,False,20,0.3,2
372,7500,320.0,frostbite,80000,sparse,False,100,8,0.95,0,0.1,250,False,2,False,20,0.3,2
373,10000,756.0,frostbite,80000,sparse,False,100,8,0.95,0,0.1,250,False,2,False,20,0.3,2
374,12500,692.0,frostbite,80000,sparse,False,100,8,0.95,0,0.1,250,False,2,False,20,0.3,2
375,15000,372.0,frostbite,80000,sparse,False,100,8,0.95,0,0.1,250,False,2,False,20,0.3,2
376,17500,938.0,frostbite,80000,sparse,False,100,8,0.95,0,0.1,250,False,2,False,20,0.3,2
377,20000,1232.0,frostbite,80000,sparse,False,100,8,0.95,0,0.1,250,False,2,False,20,0.3,2
378,22500,1202.0,frostbite,80000,sparse,False,100,8,0.95,0,0.1,250,False,2,False,20,0.3,2
379,25000,706.0,frostbite,80000,sparse,False,100,8,0.95,0,0.1,250,False,2,False,20,0.3,2
380,27500,1018.0,frostbite,80000,sparse,False,100,8,0.95,0,0.1,250,False,2,False,20,0.3,2
381,30000,954.0,frostbite,80000,sparse,False,100,8,0.95,0,0.1,250,False,2,False,20,0.3,2
382,32500,624.0,frostbite,80000,sparse,False,100,8,0.95,0,0.1,250,False,2,False,20,0.3,2
383,2500,732.5,ms_pacman,80000,sparse,False,100,8,0.95,0,0.1,250,False,2,False,20,0.3,3
384,5000,438.0,ms_pacman,80000,sparse,False,100,8,0.95,0,0.1,250,False,2,False,20,0.3,3
385,7500,504.0,ms_pacman,80000,sparse,False,100,8,0.95,0,0.1,250,False,2,False,20,0.3,3
386,10000,774.0,ms_pacman,80000,sparse,False,100,8,0.95,0,0.1,250,False,2,False,20,0.3,3
387,12500,1066.0,ms_pacman,80000,sparse,False,100,8,0.95,0,0.1,250,False,2,False,20,0.3,3
388,15000,1240.0,ms_pacman,80000,sparse,False,100,8,0.95,0,0.1,250,False,2,False,20,0.3,3
389,17500,1150.0,ms_pacman,80000,sparse,False,100,8,0.95,0,0.1,250,False,2,False,20,0.3,3
390,20000,972.0,ms_pacman,80000,sparse,False,100,8,0.95,0,0.1,250,False,2,False,20,0.3,3
391,22500,1090.0,ms_pacman,80000,sparse,False,100,8,0.95,0,0.1,250,False,2,False,20,0.3,3
392,25000,1288.0,ms_pacman,80000,sparse,False,100,8,0.95,0,0.1,250,False,2,False,20,0.3,3
393,27500,1744.0,ms_pacman,80000,sparse,False,100,8,0.95,0,0.1,250,False,2,False,20,0.3,3
394,30000,1826.0,ms_pacman,80000,sparse,False,100,8,0.95,0,0.1,250,False,2,False,20,0.3,3
395,32500,1862.0,ms_pacman,80000,sparse,False,100,8,0.95,0,0.1,250,False,2,False,20,0.3,3
396,35000,1934.0,ms_pacman,80000,sparse,False,100,8,0.95,0,0.1,250,False,2,False,20,0.3,3
397,37500,2040.0,ms_pacman,80000,sparse,False,100,8,0.95,0,0.1,250,False,2,False,20,0.3,3
398,40000,2056.0,ms_pacman,80000,sparse,False,100,8,0.95,0,0.1,250,False,2,False,20,0.3,3
399,42500,2008.0,ms_pacman,80000,sparse,False,100,8,0.95,0,0.1,250,False,2,False,20,0.3,3
400,45000,2000.0,ms_pacman,80000,sparse,False,100,8,0.95,0,0.1,250,False,2,False,20,0.3,3
401,47500,2132.0,ms_pacman,80000,sparse,False,100,8,0.95,0,0.1,250,False,2,False,20,0.3,3
402,50000,2240.0,ms_pacman,80000,sparse,False,100,8,0.95,0,0.1,250,False,2,False,20,0.3,3
403,52500,2188.0,ms_pacman,80000,sparse,False,100,8,0.95,0,0.1,250,False,2,False,20,0.3,3
404,55000,2086.0,ms_pacman,80000,sparse,False,100,8,0.95,0,0.1,250,False,2,False,20,0.3,3
405,57500,2140.0,ms_pacman,80000,sparse,False,100,8,0.95,0,0.1,250,False,2,False,20,0.3,3
406,60000,2162.0,ms_pacman,80000,sparse,False,100,8,0.95,0,0.1,250,False,2,False,20,0.3,3
407,62500,2170.0,ms_pacman,80000,sparse,False,100,8,0.95,0,0.1,250,False,2,False,20,0.3,3
408,65000,2196.0,ms_pacman,80000,sparse,False,100,8,0.95,0,0.1,250,False,2,False,20,0.3,3
409,67500,2458.0,ms_pacman,80000,sparse,False,100,8,0.95,0,0.1,250,False,2,False,20,0.3,3
410,70000,2396.0,ms_pacman,80000,sparse,False,100,8,0.95,0,0.1,250,False,2,False,20,0.3,3
411,72500,2468.0,ms_pacman,80000,sparse,False,100,8,0.95,0,0.1,250,False,2,False,20,0.3,3
412,75000,2448.0,ms_pacman,80000,sparse,False,100,8,0.95,0,0.1,250,False,2,False,20,0.3,3
413,77500,2196.0,ms_pacman,80000,sparse,False,100,8,0.95,0,0.1,250,False,2,False,20,0.3,3
414,80000,2268.0,ms_pacman,80000,sparse,False,100,8,0.95,0,0.1,250,False,2,False,20,0.3,3
415,2500,542.0,ms_pacman,80000,sparse,False,100,8,0.95,0,0.1,250,False,2,False,20,0.3,2
416,5000,766.0,ms_pacman,80000,sparse,False,100,8,0.95,0,0.1,250,False,2,False,20,0.3,2
417,7500,722.0,ms_pacman,80000,sparse,False,100,8,0.95,0,0.1,250,False,2,False,20,0.3,2
418,10000,906.0,ms_pacman,80000,sparse,False,100,8,0.95,0,0.1,250,False,2,False,20,0.3,2
419,12500,1102.0,ms_pacman,80000,sparse,False,100,8,0.95,0,0.1,250,False,2,False,20,0.3,2
420,15000,1406.0,ms_pacman,80000,sparse,False,100,8,0.95,0,0.1,250,False,2,False,20,0.3,2
421,17500,1452.0,ms_pacman,80000,sparse,False,100,8,0.95,0,0.1,250,False,2,False,20,0.3,2
422,20000,1600.0,ms_pacman,80000,sparse,False,100,8,0.95,0,0.1,250,False,2,False,20,0.3,2
423,22500,1290.0,ms_pacman,80000,sparse,False,100,8,0.95,0,0.1,250,False,2,False,20,0.3,2
424,25000,1270.0,ms_pacman,80000,sparse,False,100,8,0.95,0,0.1,250,False,2,False,20,0.3,2
425,27500,1434.0,ms_pacman,80000,sparse,False,100,8,0.95,0,0.1,250,False,2,False,20,0.3,2
426,30000,1528.0,ms_pacman,80000,sparse,False,100,8,0.95,0,0.1,250,False,2,False,20,0.3,2
427,32500,1726.0,ms_pacman,80000,sparse,False,100,8,0.95,0,0.1,250,False,2,False,20,0.3,2
428,35000,1928.0,ms_pacman,80000,sparse,False,100,8,0.95,0,0.1,250,False,2,False,20,0.3,2
429,37500,2028.0,ms_pacman,80000,sparse,False,100,8,0.95,0,0.1,250,False,2,False,20,0.3,2
430,40000,2148.0,ms_pacman,80000,sparse,False,100,8,0.95,0,0.1,250,False,2,False,20,0.3,2
431,42500,1954.0,ms_pacman,80000,sparse,False,100,8,0.95,0,0.1,250,False,2,False,20,0.3,2
432,45000,2092.0,ms_pacman,80000,sparse,False,100,8,0.95,0,0.1,250,False,2,False,20,0.3,2
433,47500,2284.0,ms_pacman,80000,sparse,False,100,8,0.95,0,0.1,250,False,2,False,20,0.3,2
434,50000,2278.0,ms_pacman,80000,sparse,False,100,8,0.95,0,0.1,250,False,2,False,20,0.3,2
435,52500,2284.0,ms_pacman,80000,sparse,False,100,8,0.95,0,0.1,250,False,2,False,20,0.3,2
436,55000,2580.0,ms_pacman,80000,sparse,False,100,8,0.95,0,0.1,250,False,2,False,20,0.3,2
437,57500,2670.0,ms_pacman,80000,sparse,False,100,8,0.95,0,0.1,250,False,2,False,20,0.3,2
438,60000,2500.0,ms_pacman,80000,sparse,False,100,8,0.95,0,0.1,250,False,2,False,20,0.3,2
439,62500,2450.0,ms_pacman,80000,sparse,False,100,8,0.95,0,0.1,250,False,2,False,20,0.3,2
440,65000,2570.0,ms_pacman,80000,sparse,False,100,8,0.95,0,0.1,250,False,2,False,20,0.3,2
441,67500,2822.0,ms_pacman,80000,sparse,False,100,8,0.95,0,0.1,250,False,2,False,20,0.3,2
442,70000,2692.0,ms_pacman,80000,sparse,False,100,8,0.95,0,0.1,250,False,2,False,20,0.3,2
443,72500,2864.0,ms_pacman,80000,sparse,False,100,8,0.95,0,0.1,250,False,2,False,20,0.3,2
444,75000,2900.0,ms_pacman,80000,sparse,False,100,8,0.95,0,0.1,250,False,2,False,20,0.3,2
445,77500,2752.0,ms_pacman,80000,sparse,False,100,8,0.95,0,0.1,250,False,2,False,20,0.3,2
446,80000,2792.0,ms_pacman,80000,sparse,False,100,8,0.95,0,0.1,250,False,2,False,20,0.3,2
447,2500,336.0,ms_pacman,80000,sparse,False,100,8,0.95,0,0.1,250,False,2,False,20,0.3,1
448,5000,428.0,ms_pacman,80000,sparse,False,100,8,0.95,0,0.1,250,False,2,False,20,0.3,1
449,7500,520.0,ms_pacman,80000,sparse,False,100,8,0.95,0,0.1,250,False,2,False,20,0.3,1
450,10000,520.0,ms_pacman,80000,sparse,False,100,8,0.95,0,0.1,250,False,2,False,20,0.3,1
451,12500,520.0,ms_pacman,80000,sparse,False,100,8,0.95,0,0.1,250,False,2,False,20,0.3,1
452,15000,520.0,ms_pacman,80000,sparse,False,100,8,0.95,0,0.1,250,False,2,False,20,0.3,1
453,17500,520.0,ms_pacman,80000,sparse,False,100,8,0.95,0,0.1,250,False,2,False,20,0.3,1
454,20000,520.0,ms_pacman,80000,sparse,False,100,8,0.95,0,0.1,250,False,2,False,20,0.3,1
455,22500,520.0,ms_pacman,80000,sparse,False,100,8,0.95,0,0.1,250,False,2,False,20,0.3,1
456,25000,520.0,ms_pacman,80000,sparse,False,100,8,0.95,0,0.1,250,False,2,False,20,0.3,1
457,27500,520.0,ms_pacman,80000,sparse,False,100,8,0.95,0,0.1,250,False,2,False,20,0.3,1
458,30000,520.0,ms_pacman,80000,sparse,False,100,8,0.95,0,0.1,250,False,2,False,20,0.3,1
459,32500,520.0,ms_pacman,80000,sparse,False,100,8,0.95,0,0.1,250,False,2,False,20,0.3,1
460,35000,520.0,ms_pacman,80000,sparse,False,100,8,0.95,0,0.1,250,False,2,False,20,0.3,1
461,37500,520.0,ms_pacman,80000,sparse,False,100,8,0.95,0,0.1,250,False,2,False,20,0.3,1
462,40000,520.0,ms_pacman,80000,sparse,False,100,8,0.95,0,0.1,250,False,2,False,20,0.3,1
463,42500,520.0,ms_pacman,80000,sparse,False,100,8,0.95,0,0.1,250,False,2,False,20,0.3,1
464,45000,520.0,ms_pacman,80000,sparse,False,100,8,0.95,0,0.1,250,False,2,False,20,0.3,1
465,47500,520.0,ms_pacman,80000,sparse,False,100,8,0.95,0,0.1,250,False,2,False,20,0.3,1
466,50000,520.0,ms_pacman,80000,sparse,False,100,8,0.95,0,0.1,250,False,2,False,20,0.3,1
467,52500,520.0,ms_pacman,80000,sparse,False,100,8,0.95,0,0.1,250,False,2,False,20,0.3,1
468,55000,520.0,ms_pacman,80000,sparse,False,100,8,0.95,0,0.1,250,False,2,False,20,0.3,1
469,57500,520.0,ms_pacman,80000,sparse,False,100,8,0.95,0,0.1,250,False,2,False,20,0.3,1
470,60000,520.0,ms_pacman,80000,sparse,False,100,8,0.95,0,0.1,250,False,2,False,20,0.3,1
471,62500,520.0,ms_pacman,80000,sparse,False,100,8,0.95,0,0.1,250,False,2,False,20,0.3,1
472,65000,520.0,ms_pacman,80000,sparse,False,100,8,0.95,0,0.1,250,False,2,False,20,0.3,1
473,67500,520.0,ms_pacman,80000,sparse,False,100,8,0.95,0,0.1,250,False,2,False,20,0.3,1
474,70000,520.0,ms_pacman,80000,sparse,False,100,8,0.95,0,0.1,250,False,2,False,20,0.3,1
475,72500,520.0,ms_pacman,80000,sparse,False,100,8,0.95,0,0.1,250,False,2,False,20,0.3,1
476,75000,520.0,ms_pacman,80000,sparse,False,100,8,0.95,0,0.1,250,False,2,False,20,0.3,1
477,77500,520.0,ms_pacman,80000,sparse,False,100,8,0.95,0,0.1,250,False,2,False,20,0.3,1
478,80000,520.0,ms_pacman,80000,sparse,False,100,8,0.95,0,0.1,250,False,2,False,20,0.3,1
479,2500,478.0,ms_pacman,80000,sparse,False,100,8,0.95,0,0.1,250,False,2,False,20,0.3,4
480,5000,1112.0,ms_pacman,80000,sparse,False,100,8,0.95,0,0.1,250,False,2,False,20,0.3,4
481,7500,950.0,ms_pacman,80000,sparse,False,100,8,0.95,0,0.1,250,False,2,False,20,0.3,4
482,10000,1144.0,ms_pacman,80000,sparse,False,100,8,0.95,0,0.1,250,False,2,False,20,0.3,4
483,12500,756.0,ms_pacman,80000,sparse,False,100,8,0.95,0,0.1,250,False,2,False,20,0.3,4
484,15000,1202.0,ms_pacman,80000,sparse,False,100,8,0.95,0,0.1,250,False,2,False,20,0.3,4
485,17500,1356.0,ms_pacman,80000,sparse,False,100,8,0.95,0,0.1,250,False,2,False,20,0.3,4
486,20000,1426.0,ms_pacman,80000,sparse,False,100,8,0.95,0,0.1,250,False,2,False,20,0.3,4
487,22500,1522.0,ms_pacman,80000,sparse,False,100,8,0.95,0,0.1,250,False,2,False,20,0.3,4
488,25000,1602.0,ms_pacman,80000,sparse,False,100,8,0.95,0,0.1,250,False,2,False,20,0.3,4
489,27500,1800.0,ms_pacman,80000,sparse,False,100,8,0.95,0,0.1,250,False,2,False,20,0.3,4
490,30000,1802.0,ms_pacman,80000,sparse,False,100,8,0.95,0,0.1,250,False,2,False,20,0.3,4
491,32500,1576.0,ms_pacman,80000,sparse,False,100,8,0.95,0,0.1,250,False,2,False,20,0.3,4
492,35000,1840.0,ms_pacman,80000,sparse,False,100,8,0.95,0,0.1,250,False,2,False,20,0.3,4
493,37500,2152.0,ms_pacman,80000,sparse,False,100,8,0.95,0,0.1,250,False,2,False,20,0.3,4
494,40000,2092.0,ms_pacman,80000,sparse,False,100,8,0.95,0,0.1,250,False,2,False,20,0.3,4
495,42500,2154.0,ms_pacman,80000,sparse,False,100,8,0.95,0,0.1,250,False,2,False,20,0.3,4
496,45000,2534.0,ms_pacman,80000,sparse,False,100,8,0.95,0,0.1,250,False,2,False,20,0.3,4
497,47500,2430.0,ms_pacman,80000,sparse,False,100,8,0.95,0,0.1,250,False,2,False,20,0.3,4
498,50000,2344.0,ms_pacman,80000,sparse,False,100,8,0.95,0,0.1,250,False,2,False,20,0.3,4
499,52500,2366.0,ms_pacman,80000,sparse,False,100,8,0.95,0,0.1,250,False,2,False,20,0.3,4
500,55000,2528.0,ms_pacman,80000,sparse,False,100,8,0.95,0,0.1,250,False,2,False,20,0.3,4
501,57500,2558.0,ms_pacman,80000,sparse,False,100,8,0.95,0,0.1,250,False,2,False,20,0.3,4
502,60000,2442.0,ms_pacman,80000,sparse,False,100,8,0.95,0,0.1,250,False,2,False,20,0.3,4
503,62500,2762.0,ms_pacman,80000,sparse,False,100,8,0.95,0,0.1,250,False,2,False,20,0.3,4
504,65000,2626.0,ms_pacman,80000,sparse,False,100,8,0.95,0,0.1,250,False,2,False,20,0.3,4
505,67500,2732.0,ms_pacman,80000,sparse,False,100,8,0.95,0,0.1,250,False,2,False,20,0.3,4
506,70000,2676.0,ms_pacman,80000,sparse,False,100,8,0.95,0,0.1,250,False,2,False,20,0.3,4
507,72500,2564.0,ms_pacman,80000,sparse,False,100,8,0.95,0,0.1,250,False,2,False,20,0.3,4
508,75000,2636.0,ms_pacman,80000,sparse,False,100,8,0.95,0,0.1,250,False,2,False,20,0.3,4
509,77500,3150.0,ms_pacman,80000,sparse,False,100,8,0.95,0,0.1,250,False,2,False,20,0.3,4
510,80000,2594.0,ms_pacman,80000,sparse,False,100,8,0.95,0,0.1,250,False,2,False,20,0.3,4
511,2500,450.0,ms_pacman,80000,sparse,False,100,8,0.95,0,0.1,250,False,2,False,20,0.3,0
512,5000,800.0,ms_pacman,80000,sparse,False,100,8,0.95,0,0.1,250,False,2,False,20,0.3,0
513,7500,702.0,ms_pacman,80000,sparse,False,100,8,0.95,0,0.1,250,False,2,False,20,0.3,0
514,10000,892.0,ms_pacman,80000,sparse,False,100,8,0.95,0,0.1,250,False,2,False,20,0.3,0
515,12500,872.0,ms_pacman,80000,sparse,False,100,8,0.95,0,0.1,250,False,2,False,20,0.3,0
516,15000,914.0,ms_pacman,80000,sparse,False,100,8,0.95,0,0.1,250,False,2,False,20,0.3,0
517,17500,1058.0,ms_pacman,80000,sparse,False,100,8,0.95,0,0.1,250,False,2,False,20,0.3,0
518,20000,1122.0,ms_pacman,80000,sparse,False,100,8,0.95,0,0.1,250,False,2,False,20,0.3,0
519,22500,1332.0,ms_pacman,80000,sparse,False,100,8,0.95,0,0.1,250,False,2,False,20,0.3,0
520,25000,1474.0,ms_pacman,80000,sparse,False,100,8,0.95,0,0.1,250,False,2,False,20,0.3,0
521,27500,1922.0,ms_pacman,80000,sparse,False,100,8,0.95,0,0.1,250,False,2,False,20,0.3,0
522,30000,2532.0,ms_pacman,80000,sparse,False,100,8,0.95,0,0.1,250,False,2,False,20,0.3,0
523,32500,3826.0,ms_pacman,80000,sparse,False,100,8,0.95,0,0.1,250,False,2,False,20,0.3,0
524,35000,2108.0,ms_pacman,80000,sparse,False,100,8,0.95,0,0.1,250,False,2,False,20,0.3,0
525,37500,1488.0,ms_pacman,80000,sparse,False,100,8,0.95,0,0.1,250,False,2,False,20,0.3,0
526,40000,1586.0,ms_pacman,80000,sparse,False,100,8,0.95,0,0.1,250,False,2,False,20,0.3,0
527,42500,1560.0,ms_pacman,80000,sparse,False,100,8,0.95,0,0.1,250,False,2,False,20,0.3,0
528,45000,1660.0,ms_pacman,80000,sparse,False,100,8,0.95,0,0.1,250,False,2,False,20,0.3,0
529,47500,1640.0,ms_pacman,80000,sparse,False,100,8,0.95,0,0.1,250,False,2,False,20,0.3,0
530,50000,1480.0,ms_pacman,80000,sparse,False,100,8,0.95,0,0.1,250,False,2,False,20,0.3,0
531,52500,1646.0,ms_pacman,80000,sparse,False,100,8,0.95,0,0.1,250,False,2,False,20,0.3,0
532,55000,1784.0,ms_pacman,80000,sparse,False,100,8,0.95,0,0.1,250,False,2,False,20,0.3,0
533,57500,1630.0,ms_pacman,80000,sparse,False,100,8,0.95,0,0.1,250,False,2,False,20,0.3,0
534,60000,1692.0,ms_pacman,80000,sparse,False,100,8,0.95,0,0.1,250,False,2,False,20,0.3,0
535,62500,1814.0,ms_pacman,80000,sparse,False,100,8,0.95,0,0.1,250,False,2,False,20,0.3,0
536,65000,2036.0,ms_pacman,80000,sparse,False,100,8,0.95,0,0.1,250,False,2,False,20,0.3,0
537,67500,1876.0,ms_pacman,80000,sparse,False,100,8,0.95,0,0.1,250,False,2,False,20,0.3,0
538,70000,1786.0,ms_pacman,80000,sparse,False,100,8,0.95,0,0.1,250,False,2,False,20,0.3,0
539,72500,1714.0,ms_pacman,80000,sparse,False,100,8,0.95,0,0.1,250,False,2,False,20,0.3,0
540,75000,1696.0,ms_pacman,80000,sparse,False,100,8,0.95,0,0.1,250,False,2,False,20,0.3,0
541,77500,1728.0,ms_pacman,80000,sparse,False,100,8,0.95,0,0.1,250,False,2,False,20,0.3,0
542,80000,1814.0,ms_pacman,80000,sparse,False,100,8,0.95,0,0.1,250,False,2,False,20,0.3,0
543,2500,595.0,qbert,80000,sparse,False,100,8,0.95,0,0.1,250,False,2,False,20,0.3,3
544,5000,650.0,qbert,80000,sparse,False,100,8,0.95,0,0.1,250,False,2,False,20,0.3,3
545,7500,695.0,qbert,80000,sparse,False,100,8,0.95,0,0.1,250,False,2,False,20,0.3,3
546,10000,700.0,qbert,80000,sparse,False,100,8,0.95,0,0.1,250,False,2,False,20,0.3,3
547,12500,700.0,qbert,80000,sparse,False,100,8,0.95,0,0.1,250,False,2,False,20,0.3,3
548,15000,700.0,qbert,80000,sparse,False,100,8,0.95,0,0.1,250,False,2,False,20,0.3,3
549,17500,700.0,qbert,80000,sparse,False,100,8,0.95,0,0.1,250,False,2,False,20,0.3,3
550,20000,700.0,qbert,80000,sparse,False,100,8,0.95,0,0.1,250,False,2,False,20,0.3,3
551,22500,700.0,qbert,80000,sparse,False,100,8,0.95,0,0.1,250,False,2,False,20,0.3,3
552,25000,700.0,qbert,80000,sparse,False,100,8,0.95,0,0.1,250,False,2,False,20,0.3,3
553,27500,700.0,qbert,80000,sparse,False,100,8,0.95,0,0.1,250,False,2,False,20,0.3,3
554,30000,700.0,qbert,80000,sparse,False,100,8,0.95,0,0.1,250,False,2,False,20,0.3,3
555,32500,700.0,qbert,80000,sparse,False,100,8,0.95,0,0.1,250,False,2,False,20,0.3,3
556,35000,700.0,qbert,80000,sparse,False,100,8,0.95,0,0.1,250,False,2,False,20,0.3,3
557,37500,700.0,qbert,80000,sparse,False,100,8,0.95,0,0.1,250,False,2,False,20,0.3,3
558,40000,700.0,qbert,80000,sparse,False,100,8,0.95,0,0.1,250,False,2,False,20,0.3,3
559,42500,700.0,qbert,80000,sparse,False,100,8,0.95,0,0.1,250,False,2,False,20,0.3,3
560,45000,700.0,qbert,80000,sparse,False,100,8,0.95,0,0.1,250,False,2,False,20,0.3,3
561,47500,700.0,qbert,80000,sparse,False,100,8,0.95,0,0.1,250,False,2,False,20,0.3,3
562,50000,700.0,qbert,80000,sparse,False,100,8,0.95,0,0.1,250,False,2,False,20,0.3,3
563,52500,700.0,qbert,80000,sparse,False,100,8,0.95,0,0.1,250,False,2,False,20,0.3,3
564,55000,700.0,qbert,80000,sparse,False,100,8,0.95,0,0.1,250,False,2,False,20,0.3,3
565,57500,700.0,qbert,80000,sparse,False,100,8,0.95,0,0.1,250,False,2,False,20,0.3,3
566,60000,700.0,qbert,80000,sparse,False,100,8,0.95,0,0.1,250,False,2,False,20,0.3,3
567,62500,700.0,qbert,80000,sparse,False,100,8,0.95,0,0.1,250,False,2,False,20,0.3,3
568,65000,700.0,qbert,80000,sparse,False,100,8,0.95,0,0.1,250,False,2,False,20,0.3,3
569,67500,700.0,qbert,80000,sparse,False,100,8,0.95,0,0.1,250,False,2,False,20,0.3,3
570,70000,700.0,qbert,80000,sparse,False,100,8,0.95,0,0.1,250,False,2,False,20,0.3,3
571,72500,700.0,qbert,80000,sparse,False,100,8,0.95,0,0.1,250,False,2,False,20,0.3,3
572,75000,700.0,qbert,80000,sparse,False,100,8,0.95,0,0.1,250,False,2,False,20,0.3,3
573,77500,700.0,qbert,80000,sparse,False,100,8,0.95,0,0.1,250,False,2,False,20,0.3,3
574,80000,700.0,qbert,80000,sparse,False,100,8,0.95,0,0.1,250,False,2,False,20,0.3,3
575,2500,250.0,qbert,80000,sparse,False,100,8,0.95,0,0.1,250,False,2,False,20,0.3,4
576,5000,300.0,qbert,80000,sparse,False,100,8,0.95,0,0.1,250,False,2,False,20,0.3,4
577,7500,410.0,qbert,80000,sparse,False,100,8,0.95,0,0.1,250,False,2,False,20,0.3,4
578,10000,450.0,qbert,80000,sparse,False,100,8,0.95,0,0.1,250,False,2,False,20,0.3,4
579,12500,450.0,qbert,80000,sparse,False,100,8,0.95,0,0.1,250,False,2,False,20,0.3,4
580,15000,450.0,qbert,80000,sparse,False,100,8,0.95,0,0.1,250,False,2,False,20,0.3,4
581,17500,450.0,qbert,80000,sparse,False,100,8,0.95,0,0.1,250,False,2,False,20,0.3,4
582,20000,450.0,qbert,80000,sparse,False,100,8,0.95,0,0.1,250,False,2,False,20,0.3,4
583,22500,450.0,qbert,80000,sparse,False,100,8,0.95,0,0.1,250,False,2,False,20,0.3,4
584,25000,450.0,qbert,80000,sparse,False,100,8,0.95,0,0.1,250,False,2,False,20,0.3,4
585,27500,450.0,qbert,80000,sparse,False,100,8,0.95,0,0.1,250,False,2,False,20,0.3,4
586,30000,450.0,qbert,80000,sparse,False,100,8,0.95,0,0.1,250,False,2,False,20,0.3,4
587,32500,450.0,qbert,80000,sparse,False,100,8,0.95,0,0.1,250,False,2,False,20,0.3,4
588,35000,450.0,qbert,80000,sparse,False,100,8,0.95,0,0.1,250,False,2,False,20,0.3,4
589,37500,450.0,qbert,80000,sparse,False,100,8,0.95,0,0.1,250,False,2,False,20,0.3,4
590,40000,450.0,qbert,80000,sparse,False,100,8,0.95,0,0.1,250,False,2,False,20,0.3,4
591,42500,450.0,qbert,80000,sparse,False,100,8,0.95,0,0.1,250,False,2,False,20,0.3,4
592,45000,450.0,qbert,80000,sparse,False,100,8,0.95,0,0.1,250,False,2,False,20,0.3,4
593,47500,450.0,qbert,80000,sparse,False,100,8,0.95,0,0.1,250,False,2,False,20,0.3,4
594,50000,450.0,qbert,80000,sparse,False,100,8,0.95,0,0.1,250,False,2,False,20,0.3,4
595,52500,450.0,qbert,80000,sparse,False,100,8,0.95,0,0.1,250,False,2,False,20,0.3,4
596,55000,450.0,qbert,80000,sparse,False,100,8,0.95,0,0.1,250,False,2,False,20,0.3,4
597,57500,450.0,qbert,80000,sparse,False,100,8,0.95,0,0.1,250,False,2,False,20,0.3,4
598,60000,450.0,qbert,80000,sparse,False,100,8,0.95,0,0.1,250,False,2,False,20,0.3,4
599,62500,450.0,qbert,80000,sparse,False,100,8,0.95,0,0.1,250,False,2,False,20,0.3,4
600,65000,450.0,qbert,80000,sparse,False,100,8,0.95,0,0.1,250,False,2,False,20,0.3,4
601,67500,450.0,qbert,80000,sparse,False,100,8,0.95,0,0.1,250,False,2,False,20,0.3,4
602,70000,450.0,qbert,80000,sparse,False,100,8,0.95,0,0.1,250,False,2,False,20,0.3,4
603,72500,450.0,qbert,80000,sparse,False,100,8,0.95,0,0.1,250,False,2,False,20,0.3,4
604,75000,450.0,qbert,80000,sparse,False,100,8,0.95,0,0.1,250,False,2,False,20,0.3,4
605,77500,450.0,qbert,80000,sparse,False,100,8,0.95,0,0.1,250,False,2,False,20,0.3,4
606,80000,450.0,qbert,80000,sparse,False,100,8,0.95,0,0.1,250,False,2,False,20,0.3,4
607,2500,650.0,qbert,80000,sparse,False,100,8,0.95,0,0.1,250,False,2,False,20,0.3,0
608,5000,695.0,qbert,80000,sparse,False,100,8,0.95,0,0.1,250,False,2,False,20,0.3,0
609,7500,745.0,qbert,80000,sparse,False,100,8,0.95,0,0.1,250,False,2,False,20,0.3,0
610,10000,750.0,qbert,80000,sparse,False,100,8,0.95,0,0.1,250,False,2,False,20,0.3,0
611,12500,765.0,qbert,80000,sparse,False,100,8,0.95,0,0.1,250,False,2,False,20,0.3,0
612,15000,795.0,qbert,80000,sparse,False,100,8,0.95,0,0.1,250,False,2,False,20,0.3,0
613,17500,1015.0,qbert,80000,sparse,False,100,8,0.95,0,0.1,250,False,2,False,20,0.3,0
614,20000,1130.0,qbert,80000,sparse,False,100,8,0.95,0,0.1,250,False,2,False,20,0.3,0
615,22500,750.0,qbert,80000,sparse,False,100,8,0.95,0,0.1,250,False,2,False,20,0.3,0
616,25000,750.0,qbert,80000,sparse,False,100,8,0.95,0,0.1,250,False,2,False,20,0.3,0
617,27500,750.0,qbert,80000,sparse,False,100,8,0.95,0,0.1,250,False,2,False,20,0.3,0
618,30000,750.0,qbert,80000,sparse,False,100,8,0.95,0,0.1,250,False,2,False,20,0.3,0
619,32500,750.0,qbert,80000,sparse,False,100,8,0.95,0,0.1,250,False,2,False,20,0.3,0
620,35000,750.0,qbert,80000,sparse,False,100,8,0.95,0,0.1,250,False,2,False,20,0.3,0
621,37500,750.0,qbert,80000,sparse,False,100,8,0.95,0,0.1,250,False,2,False,20,0.3,0
622,40000,750.0,qbert,80000,sparse,False,100,8,0.95,0,0.1,250,False,2,False,20,0.3,0
623,42500,750.0,qbert,80000,sparse,False,100,8,0.95,0,0.1,250,False,2,False,20,0.3,0
624,45000,750.0,qbert,80000,sparse,False,100,8,0.95,0,0.1,250,False,2,False,20,0.3,0
625,47500,750.0,qbert,80000,sparse,False,100,8,0.95,0,0.1,250,False,2,False,20,0.3,0
626,50000,750.0,qbert,80000,sparse,False,100,8,0.95,0,0.1,250,False,2,False,20,0.3,0
627,52500,750.0,qbert,80000,sparse,False,100,8,0.95,0,0.1,250,False,2,False,20,0.3,0
628,55000,750.0,qbert,80000,sparse,False,100,8,0.95,0,0.1,250,False,2,False,20,0.3,0
629,57500,750.0,qbert,80000,sparse,False,100,8,0.95,0,0.1,250,False,2,False,20,0.3,0
630,60000,750.0,qbert,80000,sparse,False,100,8,0.95,0,0.1,250,False,2,False,20,0.3,0
631,62500,750.0,qbert,80000,sparse,False,100,8,0.95,0,0.1,250,False,2,False,20,0.3,0
632,65000,750.0,qbert,80000,sparse,False,100,8,0.95,0,0.1,250,False,2,False,20,0.3,0
633,67500,750.0,qbert,80000,sparse,False,100,8,0.95,0,0.1,250,False,2,False,20,0.3,0
634,70000,750.0,qbert,80000,sparse,False,100,8,0.95,0,0.1,250,False,2,False,20,0.3,0
635,72500,750.0,qbert,80000,sparse,False,100,8,0.95,0,0.1,250,False,2,False,20,0.3,0
636,75000,750.0,qbert,80000,sparse,False,100,8,0.95,0,0.1,250,False,2,False,20,0.3,0
637,77500,750.0,qbert,80000,sparse,False,100,8,0.95,0,0.1,250,False,2,False,20,0.3,0
638,80000,750.0,qbert,80000,sparse,False,100,8,0.95,0,0.1,250,False,2,False,20,0.3,0
639,2500,430.0,qbert,80000,sparse,False,100,8,0.95,0,0.1,250,False,2,False,20,0.3,2
640,5000,640.0,qbert,80000,sparse,False,100,8,0.95,0,0.1,250,False,2,False,20,0.3,2
641,7500,675.0,qbert,80000,sparse,False,100,8,0.95,0,0.1,250,False,2,False,20,0.3,2
642,10000,680.0,qbert,80000,sparse,False,100,8,0.95,0,0.1,250,False,2,False,20,0.3,2
643,12500,730.0,qbert,80000,sparse,False,100,8,0.95,0,0.1,250,False,2,False,20,0.3,2
644,15000,750.0,qbert,80000,sparse,False,100,8,0.95,0,0.1,250,False,2,False,20,0.3,2
645,17500,750.0,qbert,80000,sparse,False,100,8,0.95,0,0.1,250,False,2,False,20,0.3,2
646,20000,750.0,qbert,80000,sparse,False,100,8,0.95,0,0.1,250,False,2,False,20,0.3,2
647,22500,750.0,qbert,80000,sparse,False,100,8,0.95,0,0.1,250,False,2,False,20,0.3,2
648,25000,750.0,qbert,80000,sparse,False,100,8,0.95,0,0.1,250,False,2,False,20,0.3,2
649,27500,750.0,qbert,80000,sparse,False,100,8,0.95,0,0.1,250,False,2,False,20,0.3,2
650,30000,750.0,qbert,80000,sparse,False,100,8,0.95,0,0.1,250,False,2,False,20,0.3,2
651,32500,750.0,qbert,80000,sparse,False,100,8,0.95,0,0.1,250,False,2,False,20,0.3,2
652,35000,750.0,qbert,80000,sparse,False,100,8,0.95,0,0.1,250,False,2,False,20,0.3,2
653,37500,750.0,qbert,80000,sparse,False,100,8,0.95,0,0.1,250,False,2,False,20,0.3,2
654,40000,750.0,qbert,80000,sparse,False,100,8,0.95,0,0.1,250,False,2,False,20,0.3,2
655,42500,750.0,qbert,80000,sparse,False,100,8,0.95,0,0.1,250,False,2,False,20,0.3,2
656,45000,750.0,qbert,80000,sparse,False,100,8,0.95,0,0.1,250,False,2,False,20,0.3,2
657,47500,750.0,qbert,80000,sparse,False,100,8,0.95,0,0.1,250,False,2,False,20,0.3,2
658,50000,750.0,qbert,80000,sparse,False,100,8,0.95,0,0.1,250,False,2,False,20,0.3,2
659,52500,750.0,qbert,80000,sparse,False,100,8,0.95,0,0.1,250,False,2,False,20,0.3,2
660,55000,750.0,qbert,80000,sparse,False,100,8,0.95,0,0.1,250,False,2,False,20,0.3,2
661,57500,750.0,qbert,80000,sparse,False,100,8,0.95,0,0.1,250,False,2,False,20,0.3,2
662,60000,750.0,qbert,80000,sparse,False,100,8,0.95,0,0.1,250,False,2,False,20,0.3,2
663,62500,750.0,qbert,80000,sparse,False,100,8,0.95,0,0.1,250,False,2,False,20,0.3,2
664,65000,750.0,qbert,80000,sparse,False,100,8,0.95,0,0.1,250,False,2,False,20,0.3,2
665,67500,750.0,qbert,80000,sparse,False,100,8,0.95,0,0.1,250,False,2,False,20,0.3,2
666,70000,750.0,qbert,80000,sparse,False,100,8,0.95,0,0.1,250,False,2,False,20,0.3,2
667,72500,750.0,qbert,80000,sparse,False,100,8,0.95,0,0.1,250,False,2,False,20,0.3,2
668,75000,750.0,qbert,80000,sparse,False,100,8,0.95,0,0.1,250,False,2,False,20,0.3,2
669,77500,750.0,qbert,80000,sparse,False,100,8,0.95,0,0.1,250,False,2,False,20,0.3,2
670,80000,750.0,qbert,80000,sparse,False,100,8,0.95,0,0.1,250,False,2,False,20,0.3,2
671,2500,235.0,qbert,80000,sparse,False,100,8,0.95,0,0.1,250,False,2,False,20,0.3,1
672,5000,325.0,qbert,80000,sparse,False,100,8,0.95,0,0.1,250,False,2,False,20,0.3,1
673,7500,355.0,qbert,80000,sparse,False,100,8,0.95,0,0.1,250,False,2,False,20,0.3,1
674,10000,350.0,qbert,80000,sparse,False,100,8,0.95,0,0.1,250,False,2,False,20,0.3,1
675,12500,350.0,qbert,80000,sparse,False,100,8,0.95,0,0.1,250,False,2,False,20,0.3,1
676,15000,350.0,qbert,80000,sparse,False,100,8,0.95,0,0.1,250,False,2,False,20,0.3,1
677,17500,350.0,qbert,80000,sparse,False,100,8,0.95,0,0.1,250,False,2,False,20,0.3,1
678,20000,350.0,qbert,80000,sparse,False,100,8,0.95,0,0.1,250,False,2,False,20,0.3,1
679,22500,350.0,qbert,80000,sparse,False,100,8,0.95,0,0.1,250,False,2,False,20,0.3,1
680,25000,350.0,qbert,80000,sparse,False,100,8,0.95,0,0.1,250,False,2,False,20,0.3,1
681,27500,350.0,qbert,80000,sparse,False,100,8,0.95,0,0.1,250,False,2,False,20,0.3,1
682,30000,350.0,qbert,80000,sparse,False,100,8,0.95,0,0.1,250,False,2,False,20,0.3,1
683,32500,350.0,qbert,80000,sparse,False,100,8,0.95,0,0.1,250,False,2,False,20,0.3,1
684,35000,350.0,qbert,80000,sparse,False,100,8,0.95,0,0.1,250,False,2,False,20,0.3,1
685,37500,350.0,qbert,80000,sparse,False,100,8,0.95,0,0.1,250,False,2,False,20,0.3,1
686,40000,350.0,qbert,80000,sparse,False,100,8,0.95,0,0.1,250,False,2,False,20,0.3,1
687,42500,350.0,qbert,80000,sparse,False,100,8,0.95,0,0.1,250,False,2,False,20,0.3,1
688,45000,350.0,qbert,80000,sparse,False,100,8,0.95,0,0.1,250,False,2,False,20,0.3,1
689,47500,350.0,qbert,80000,sparse,False,100,8,0.95,0,0.1,250,False,2,False,20,0.3,1
690,50000,350.0,qbert,80000,sparse,False,100,8,0.95,0,0.1,250,False,2,False,20,0.3,1
691,52500,350.0,qbert,80000,sparse,False,100,8,0.95,0,0.1,250,False,2,False,20,0.3,1
692,55000,350.0,qbert,80000,sparse,False,100,8,0.95,0,0.1,250,False,2,False,20,0.3,1
693,57500,350.0,qbert,80000,sparse,False,100,8,0.95,0,0.1,250,False,2,False,20,0.3,1
694,60000,350.0,qbert,80000,sparse,False,100,8,0.95,0,0.1,250,False,2,False,20,0.3,1
695,62500,350.0,qbert,80000,sparse,False,100,8,0.95,0,0.1,250,False,2,False,20,0.3,1
696,65000,350.0,qbert,80000,sparse,False,100,8,0.95,0,0.1,250,False,2,False,20,0.3,1
697,67500,350.0,qbert,80000,sparse,False,100,8,0.95,0,0.1,250,False,2,False,20,0.3,1
698,70000,350.0,qbert,80000,sparse,False,100,8,0.95,0,0.1,250,False,2,False,20,0.3,1
699,72500,350.0,qbert,80000,sparse,False,100,8,0.95,0,0.1,250,False,2,False,20,0.3,1
700,75000,350.0,qbert,80000,sparse,False,100,8,0.95,0,0.1,250,False,2,False,20,0.3,1
701,77500,350.0,qbert,80000,sparse,False,100,8,0.95,0,0.1,250,False,2,False,20,0.3,1
702,80000,350.0,qbert,80000,sparse,False,100,8,0.95,0,0.1,250,False,2,False,20,0.3,1
